text,category
The function is vulnerable to SQL injection attacks due to the direct concatenation of user input into the query string.,security
The use of a hardcoded password in the script is a significant security risk and should be replaced with environment variables.,security
"The code lacks proper input validation, allowing for potential cross-site scripting attacks.",security
The implementation of the encryption algorithm is incorrect and may compromise the security of sensitive data.,security
The library being used has known security vulnerabilities and should be updated to the latest version.,security
The authentication mechanism is weak and can be bypassed using brute-force methods.,security
"The sensitive data is being stored in plain text, which is a serious security concern.",security
"The code is using an insecure protocol for data transmission, such as HTTP instead of HTTPS.",security
"The error handling mechanism is revealing sensitive information about the system, which can be used by attackers.",security
The lack of secure random number generation makes the system vulnerable to predictability attacks.,security
"The code is not properly sanitizing user input, allowing for command injection attacks.",security
The use of an outdated encryption algorithm makes the data vulnerable to decryption.,security
"The system is not implementing any rate limiting, making it susceptible to denial-of-service attacks.",security
"The code is storing sensitive data in a publicly accessible location, such as a log file.",security
"The authentication cookies are not being properly secured, allowing for session hijacking.",security
"The system is not validating the integrity of the data, making it vulnerable to tampering attacks.",security
"The code is using a weak hashing algorithm, which can be easily broken by attackers.",security
"The sensitive data is being transmitted over an insecure channel, such as an unencrypted socket.",security
"The system is not properly handling sensitive data, such as credit card numbers or personal identifiable information.",security
The code is vulnerable to cross-site request forgery attacks due to the lack of proper token validation.,security
"The use of a deprecated security protocol, such as SSLv2, is a significant security risk.",security
"The system is not properly logging security-related events, making it difficult to detect and respond to incidents.",security
"The code is not properly validating the syntax of user input, allowing for code injection attacks.",security
The lack of secure password storage makes the system vulnerable to password cracking attacks.,security
The system is not implementing any security monitoring or incident response plan.,security
"The code is using an insecure random number generator, which can be predicted by attackers.",security
The sensitive data is being stored in a database that is not properly secured.,security
"The system is not properly limiting the privileges of users, allowing for elevation of privilege attacks.",security
The code is vulnerable to directory traversal attacks due to the lack of proper input validation.,security
"The use of an insecure cryptographic protocol, such as MD5, is a significant security risk.",security
"The system is not properly securing the communication between different components, such as microservices.",security
"The code is not properly handling errors, allowing for information disclosure attacks.",security
The lack of secure configuration management makes the system vulnerable to misconfiguration attacks.,security
The system is not properly implementing any security measures to prevent data breaches.,security
"The code is using a vulnerable library, which can be exploited by attackers to gain unauthorized access.",security
The sensitive data is being transmitted over a public network without proper encryption.,security
"The system is not properly validating the identity of users, allowing for impersonation attacks.",security
The code is vulnerable to buffer overflow attacks due to the lack of proper input validation.,security
"The use of an insecure authentication mechanism, such as basic authentication, is a significant security risk.",security
"The system is not properly limiting the access to sensitive data, allowing for unauthorized access.",security
"The code is not properly sanitizing user input, allowing for cross-site scripting attacks.",security
The lack of secure data backup and recovery procedures makes the system vulnerable to data loss.,security
The system is not properly implementing any measures to prevent social engineering attacks.,security
"The code is using an insecure protocol for communication, such as telnet instead of SSH.",security
The sensitive data is being stored in a file system that is not properly secured.,security
"The system is not properly handling sensitive data, such as encryption keys or certificates.",security
The code is vulnerable to man-in-the-middle attacks due to the lack of proper authentication.,security
"The use of a weak password policy, such as allowing weak passwords, is a significant security risk.",security
"The system is not properly monitoring the security of the system, making it difficult to detect and respond to incidents.",security
"The code is not properly validating the input data, allowing for injection attacks.",security
The lack of secure software development life cycle makes the system vulnerable to security vulnerabilities.,security
"The system is not properly securing the communication between different systems, such as APIs.",security
"The code is using an insecure encryption algorithm, which can be easily broken by attackers.",security
"The sensitive data is being transmitted over an insecure channel, such as an unencrypted email.",security
"The system is not properly limiting the access to sensitive functionality, allowing for unauthorized access.",security
The code is vulnerable to clickjacking attacks due to the lack of proper frame busting.,security
"The use of an insecure random number generator, such as the rand function, is a significant security risk.",security
"The system is not properly handling errors, allowing for denial-of-service attacks.",security
The lack of secure audit logging makes the system vulnerable to undetected security incidents.,security
"The code is using an insecure cryptographic protocol, such as RC4, which is vulnerable to attacks.",security
"The system is not properly securing the data at rest, making it vulnerable to data breaches.",security
"The code is not properly validating the output data, allowing for information disclosure attacks.",security
"The use of an insecure authentication mechanism, such as NTLM, is a significant security risk.",security
"The system is not properly handling sensitive data, such as payment card industry data.",security
The code is vulnerable to XML injection attacks due to the lack of proper input validation.,security
The lack of secure change management makes the system vulnerable to unintended changes.,security
"The system is not properly securing the communication between different components, such as message queues.",security
"The code is using an insecure library, which can be exploited by attackers to gain unauthorized access.",security
The sensitive data is being stored in a cloud storage service that is not properly secured.,security
"The system is not properly limiting the access to sensitive resources, allowing for unauthorized access.",security
"The code is not properly validating the user input, allowing for injection attacks.",security
"The use of an insecure password storage mechanism, such as plaintext, is a significant security risk.",security
"The system is not properly handling security-related events, making it difficult to detect and respond to incidents.",security
The code is vulnerable to XPath injection attacks due to the lack of proper input validation.,security
The lack of secure key management makes the system vulnerable to key compromise attacks.,security
"The system is not properly securing the data in transit, making it vulnerable to eavesdropping attacks.",security
"The code is using an insecure protocol for data transmission, such as FTP instead of SFTP.",security
"The sensitive data is being transmitted over an insecure channel, such as an unencrypted socket.",security
"The system is not properly handling errors, allowing for information disclosure attacks.",security
"The use of an insecure authentication mechanism, such as basic authentication, is a significant security risk.",security
The code is vulnerable to SQL injection attacks due to the lack of proper input validation.,security
The lack of secure software update mechanisms makes the system vulnerable to exploitation of known vulnerabilities.,security
"The system is not properly securing the communication between different systems, such as APIs.",security
"The code is using an insecure encryption algorithm, which can be easily broken by attackers.",security
The sensitive data is being stored in a database that is not properly secured.,security
"The system is not properly limiting the access to sensitive data, allowing for unauthorized access.",security
"The code is not properly validating the user input, allowing for cross-site scripting attacks.",security
"The use of a weak hashing algorithm, such as MD5, is a significant security risk.",security
"The system is not properly monitoring the security of the system, making it difficult to detect and respond to incidents.",security
The code is vulnerable to command injection attacks due to the lack of proper input validation.,security
The lack of secure configuration management makes the system vulnerable to misconfiguration attacks.,security
"The system is not properly securing the data at rest, making it vulnerable to data breaches.",security
"The code is using an insecure cryptographic protocol, such as SSLv2, which is vulnerable to attacks.",security
"The sensitive data is being transmitted over an insecure channel, such as an unencrypted email.",security
"The system is not properly handling sensitive data, such as credit card numbers or personal identifiable information.",security
The code is vulnerable to cross-site request forgery attacks due to the lack of proper token validation.,security
"The use of an insecure random number generator, such as the rand function, is a significant security risk.",security
"The system is not properly limiting the access to sensitive resources, allowing for unauthorized access.",security
"The code is not properly validating the output data, allowing for information disclosure attacks.",security
The lack of secure audit logging makes the system vulnerable to undetected security incidents.,security
"The system is not properly securing the communication between different components, such as microservices.",security
"The code is using an insecure library, which can be exploited by attackers to gain unauthorized access.",security
The sensitive data is being stored in a file system that is not properly secured.,security
"The system is not properly handling errors, allowing for denial-of-service attacks.",security
"The use of an insecure authentication mechanism, such as NTLM, is a significant security risk.",security
The code is vulnerable to XML injection attacks due to the lack of proper input validation.,security
The lack of secure key management makes the system vulnerable to key compromise attacks.,security
"The system is not properly securing the data in transit, making it vulnerable to eavesdropping attacks.",security
"The code is using an insecure protocol for data transmission, such as HTTP instead of HTTPS.",security
The sensitive data is being transmitted over a public network without proper encryption.,security
"The system is not properly handling sensitive data, such as encryption keys or certificates.",security
The code is vulnerable to buffer overflow attacks due to the lack of proper input validation.,security
"The use of a weak password policy, such as allowing weak passwords, is a significant security risk.",security
"The system is not properly monitoring the security of the system, making it difficult to detect and respond to incidents.",security
"The code is not properly validating the user input, allowing for injection attacks.",security
The lack of secure software development life cycle makes the system vulnerable to security vulnerabilities.,security
"The system is not properly securing the communication between different systems, such as APIs.",security
"The code is using an insecure encryption algorithm, which can be easily broken by attackers.",security
The sensitive data is being stored in a cloud storage service that is not properly secured.,security
"The system is not properly limiting the access to sensitive functionality, allowing for unauthorized access.",security
The code is vulnerable to clickjacking attacks due to the lack of proper frame busting.,security
"The use of an insecure random number generator, such as the rand function, is a significant security risk.",security
"The system is not properly handling errors, allowing for information disclosure attacks.",security
The lack of secure change management makes the system vulnerable to unintended changes.,security
"The system is not properly securing the communication between different components, such as message queues.",security
"The code is using an insecure library, which can be exploited by attackers to gain unauthorized access.",security
The sensitive data is being stored in a database that is not properly secured.,security
"The system is not properly limiting the access to sensitive resources, allowing for unauthorized access.",security
"The code is not properly validating the output data, allowing for information disclosure attacks.",security
"The use of an insecure authentication mechanism, such as basic authentication, is a significant security risk.",security
"The system is not properly handling security-related events, making it difficult to detect and respond to incidents.",security
The code is vulnerable to XPath injection attacks due to the lack of proper input validation.,security
The lack of secure key management makes the system vulnerable to key compromise attacks.,security
"The system is not properly securing the data in transit, making it vulnerable to eavesdropping attacks.",security
"The code is using an insecure protocol for data transmission, such as FTP instead of SFTP.",security
"The sensitive data is being transmitted over an insecure channel, such as an unencrypted socket.",security
"The system is not properly handling errors, allowing for denial-of-service attacks.",security
"The use of an insecure authentication mechanism, such as NTLM, is a significant security risk.",security
The code is vulnerable to SQL injection attacks due to the lack of proper input validation.,security
The lack of secure software update mechanisms makes the system vulnerable to exploitation of known vulnerabilities.,security
"The system is not properly securing the communication between different systems, such as APIs.",security
"The code is using an insecure encryption algorithm, which can be easily broken by attackers.",security
The sensitive data is being stored in a file system that is not properly secured.,security
"The system is not properly limiting the access to sensitive data, allowing for unauthorized access.",security
"The code is not properly validating the user input, allowing for cross-site scripting attacks.",security
"The use of a weak hashing algorithm, such as MD5, is a significant security risk.",security
"The system is not properly monitoring the security of the system, making it difficult to detect and respond to incidents.",security
The code is vulnerable to command injection attacks due to the lack of proper input validation.,security
The lack of secure configuration management makes the system vulnerable to misconfiguration attacks.,security
"The system is not properly securing the data at rest, making it vulnerable to data breaches.",security
"The code is using an insecure cryptographic protocol, such as SSLv2, which is vulnerable to attacks.",security
"The sensitive data is being transmitted over an insecure channel, such as an unencrypted email.",security
"The system is not properly handling sensitive data, such as credit card numbers or personal identifiable information.",security
The code is vulnerable to cross-site request forgery attacks due to the lack of proper token validation.,security
"The use of an insecure random number generator, such as the rand function, is a significant security risk.",security
"The system is not properly limiting the access to sensitive resources, allowing for unauthorized access.",security
"The code is not properly validating the output data, allowing for information disclosure attacks.",security
The lack of secure audit logging makes the system vulnerable to undetected security incidents.,security
"The system is not properly securing the communication between different components, such as microservices.",security
"The code is using an insecure library, which can be exploited by attackers to gain unauthorized access.",security
The sensitive data is being stored in a cloud storage service that is not properly secured.,security
"The system is not properly handling errors, allowing for denial-of-service attacks.",security
"The use of an insecure authentication mechanism, such as NTLM, is a significant security risk.",security
The code is vulnerable to XML injection attacks due to the lack of proper input validation.,security
The lack of secure key management makes the system vulnerable to key compromise attacks.,security
"The system is not properly securing the data in transit, making it vulnerable to eavesdropping attacks.",security
"The code is using an insecure protocol for data transmission, such as HTTP instead of HTTPS.",security
The sensitive data is being transmitted over a public network without proper encryption.,security
"The system is not properly handling sensitive data, such as encryption keys or certificates.",security
The code is vulnerable to buffer overflow attacks due to the lack of proper input validation.,security
"The use of a weak password policy, such as allowing weak passwords, is a significant security risk.",security
"The system is not properly monitoring the security of the system, making it difficult to detect and respond to incidents.",security
"The code is not properly validating the user input, allowing for injection attacks.",security
The lack of secure software development life cycle makes the system vulnerable to security vulnerabilities.,security
"The system is not properly securing the communication between different systems, such as APIs.",security
"The code is using an insecure encryption algorithm, which can be easily broken by attackers.",security
The sensitive data is being stored in a database that is not properly secured.,security
"The system is not properly limiting the access to sensitive functionality, allowing for unauthorized access.",security
The code is vulnerable to clickjacking attacks due to the lack of proper frame busting.,security
"The use of an insecure random number generator, such as the rand function, is a significant security risk.",security
"The system is not properly handling errors, allowing for information disclosure attacks.",security
The lack of secure change management makes the system vulnerable to unintended changes.,security
"The system is not properly securing the communication between different components, such as message queues.",security
"The function does not handle the case when the input list is empty, which will cause a NullPointerException.",bug
"The variable 'x' is not initialized before it is used in the calculation, leading to unpredictable results.",bug
"The loop iterates over the array without checking its bounds, potentially causing an ArrayIndexOutOfBoundsException.",bug
"The method does not check if the file exists before attempting to read from it, resulting in a FileNotFoundException.",bug
"The code does not handle the case when the user enters a non-numeric value, causing a NumberFormatException.",bug
The SQL query is vulnerable to SQL injection attacks due to the use of string concatenation.,bug
"The function modifies the original list instead of creating a copy, which can have unintended side effects.",bug
The code uses a deprecated method that may be removed in future versions of the library.,bug
"The variable 'result' is not checked for null before being used, which can cause a NullPointerException.",bug
"The loop does not terminate when the desired condition is met, causing an infinite loop.",bug
"The method does not validate its input parameters, leading to potential bugs and security vulnerabilities.",bug
"The code uses a magic number instead of a named constant, making it harder to understand and maintain.",bug
"The function does not handle the case when the network connection is lost, causing the program to crash.",bug
"The code does not follow the principle of least privilege, potentially leading to security vulnerabilities.",bug
"The variable 'temp' is not declared as volatile, which can cause thread safety issues.",bug
"The method does not handle the case when the database connection is closed, resulting in a SQLException.",bug
"The code uses a busy-wait loop instead of a more efficient waiting mechanism, wasting system resources.",bug
"The function does not check if the input stream is closed before attempting to read from it, causing an IOException.",bug
"The loop does not handle the case when the array is null, potentially causing a NullPointerException.",bug
"The code does not validate the format of the input data, leading to potential bugs and security vulnerabilities.",bug
"The method does not handle the case when the user cancels the operation, resulting in unexpected behavior.",bug
"The variable 'index' is not checked for bounds before being used to access the array, potentially causing an ArrayIndexOutOfBoundsException.",bug
"The function does not handle the case when the input is null, causing a NullPointerException.",bug
"The code uses a recursive function without a base case, leading to a stack overflow error.",bug
"The loop does not handle the case when the collection is empty, potentially causing a NoSuchElementException.",bug
"The method does not handle the case when the file is not found, resulting in a FileNotFoundException.",bug
"The code does not follow the principle of command-query separation, making it harder to understand and maintain.",bug
"The function does not handle the case when the input is empty, causing an IndexOutOfBoundsException.",bug
"The variable 'ptr' is not checked for null before being dereferenced, potentially causing a NullPointerException.",bug
"The loop does not handle the case when the iterator is exhausted, potentially causing a NoSuchElementException.",bug
"The code does not handle the case when the system runs out of memory, resulting in an OutOfMemoryError.",bug
"The method does not validate the input parameters, leading to potential bugs and security vulnerabilities.",bug
"The function does not handle the case when the network connection times out, causing the program to hang.",bug
"The code uses a shared mutable state without proper synchronization, potentially causing thread safety issues.",bug
"The variable 'map' is not checked for null before being used, potentially causing a NullPointerException.",bug
"The loop does not handle the case when the input is malformed, potentially causing a parse error.",bug
"The method does not handle the case when the database query returns no results, resulting in an empty list.",bug
"The code does not follow the principle of separation of concerns, making it harder to understand and maintain.",bug
"The function does not handle the case when the input is too large, causing an OutOfMemoryError.",bug
"The variable 'list' is not checked for null before being used, potentially causing a NullPointerException.",bug
"The loop does not handle the case when the input is null, potentially causing a NullPointerException.",bug
"The code does not handle the case when the system clock changes, potentially causing unexpected behavior.",bug
"The method does not handle the case when the user interrupts the operation, resulting in unexpected behavior.",bug
"The function does not handle the case when the input is not in the expected format, causing a parse error.",bug
"The code uses a non-thread-safe class in a multi-threaded environment, potentially causing thread safety issues.",bug
"The variable 'set' is not checked for null before being used, potentially causing a NullPointerException.",bug
"The loop does not handle the case when the input is empty, potentially causing a NoSuchElementException.",bug
"The method does not handle the case when the file is not writable, resulting in an IOException.",bug
"The code does not follow the principle of YAGNI, potentially leading to unnecessary complexity.",bug
"The function does not handle the case when the input is null, causing a NullPointerException.",bug
"The variable 'queue' is not checked for null before being used, potentially causing a NullPointerException.",bug
"The loop does not handle the case when the input is too small, potentially causing an IndexOutOfBoundsException.",bug
"The code does not handle the case when the system runs out of disk space, resulting in an IOException.",bug
"The method does not validate the input parameters, leading to potential bugs and security vulnerabilities.",bug
"The function does not handle the case when the network connection is refused, causing the program to crash.",bug
The code uses a deprecated class that may be removed in future versions of the library.,bug
"The variable 'tree' is not checked for null before being used, potentially causing a NullPointerException.",bug
"The loop does not handle the case when the input is not in the expected format, potentially causing a parse error.",bug
"The method does not handle the case when the database connection is refused, resulting in a SQLException.",bug
"The code does not follow the principle of DRY, potentially leading to duplicated code.",bug
"The function does not handle the case when the input is too large, causing an OutOfMemoryError.",bug
"The variable 'graph' is not checked for null before being used, potentially causing a NullPointerException.",bug
"The loop does not handle the case when the input is empty, potentially causing a NoSuchElementException.",bug
"The code does not handle the case when the system clock changes, potentially causing unexpected behavior.",bug
"The method does not handle the case when the user cancels the operation, resulting in unexpected behavior.",bug
"The function does not handle the case when the input is not in the expected format, causing a parse error.",bug
"The code uses a non-thread-safe class in a multi-threaded environment, potentially causing thread safety issues.",bug
"The variable 'hashMap' is not checked for null before being used, potentially causing a NullPointerException.",bug
"The loop does not handle the case when the input is null, potentially causing a NullPointerException.",bug
"The method does not validate the input parameters, leading to potential bugs and security vulnerabilities.",bug
"The function does not handle the case when the network connection times out, causing the program to hang.",bug
"The code does not follow the principle of KISS, potentially leading to unnecessary complexity.",bug
"The variable 'arrayList' is not checked for null before being used, potentially causing a NullPointerException.",bug
"The loop does not handle the case when the input is too small, potentially causing an IndexOutOfBoundsException.",bug
"The code does not handle the case when the system runs out of memory, resulting in an OutOfMemoryError.",bug
"The method does not handle the case when the file is not found, resulting in a FileNotFoundException.",bug
"The function does not handle the case when the input is empty, causing an IndexOutOfBoundsException.",bug
"The code uses a busy-wait loop instead of a more efficient waiting mechanism, wasting system resources.",bug
"The variable 'stack' is not checked for null before being used, potentially causing a NullPointerException.",bug
"The loop does not handle the case when the input is not in the expected format, potentially causing a parse error.",bug
"The method does not handle the case when the database query returns no results, resulting in an empty list.",bug
"The code does not follow the principle of YAGNI, potentially leading to unnecessary complexity.",bug
"The function does not handle the case when the input is null, causing a NullPointerException.",bug
"The variable 'priorityQueue' is not checked for null before being used, potentially causing a NullPointerException.",bug
"The loop does not handle the case when the input is too large, potentially causing an OutOfMemoryError.",bug
"The code does not handle the case when the system clock changes, potentially causing unexpected behavior.",bug
"The method does not handle the case when the user interrupts the operation, resulting in unexpected behavior.",bug
"The function does not handle the case when the input is not in the expected format, causing a parse error.",bug
"The code uses a non-thread-safe class in a multi-threaded environment, potentially causing thread safety issues.",bug
"The variable 'vector' is not checked for null before being used, potentially causing a NullPointerException.",bug
"The loop does not handle the case when the input is empty, potentially causing a NoSuchElementException.",bug
"The code does not handle the case when the system runs out of disk space, resulting in an IOException.",bug
"The method does not validate the input parameters, leading to potential bugs and security vulnerabilities.",bug
"The function does not handle the case when the network connection is refused, causing the program to crash.",bug
The code uses a deprecated method that may be removed in future versions of the library.,bug
"The variable 'dictionary' is not checked for null before being used, potentially causing a NullPointerException.",bug
"The loop does not handle the case when the input is not in the expected format, potentially causing a parse error.",bug
"The method does not handle the case when the database connection is refused, resulting in a SQLException.",bug
"The code does not follow the principle of DRY, potentially leading to duplicated code.",bug
"The function does not handle the case when the input is too large, causing an OutOfMemoryError.",bug
"The variable 'cache' is not checked for null before being used, potentially causing a NullPointerException.",bug
"The loop does not handle the case when the input is empty, potentially causing a NoSuchElementException.",bug
"The code does not handle the case when the system clock changes, potentially causing unexpected behavior.",bug
"The method does not handle the case when the user cancels the operation, resulting in unexpected behavior.",bug
"The function does not handle the case when the input is not in the expected format, causing a parse error.",bug
"The code uses a non-thread-safe class in a multi-threaded environment, potentially causing thread safety issues.",bug
"The variable 'registry' is not checked for null before being used, potentially causing a NullPointerException.",bug
"The loop does not handle the case when the input is null, potentially causing a NullPointerException.",bug
"The method does not validate the input parameters, leading to potential bugs and security vulnerabilities.",bug
"The function does not handle the case when the network connection times out, causing the program to hang.",bug
"The code does not follow the principle of KISS, potentially leading to unnecessary complexity.",bug
"The variable 'repository' is not checked for null before being used, potentially causing a NullPointerException.",bug
"The loop does not handle the case when the input is too small, potentially causing an IndexOutOfBoundsException.",bug
"The code does not handle the case when the system runs out of memory, resulting in an OutOfMemoryError.",bug
"The method does not handle the case when the file is not found, resulting in a FileNotFoundException.",bug
"The function does not handle the case when the input is empty, causing an IndexOutOfBoundsException.",bug
"The code uses a busy-wait loop instead of a more efficient waiting mechanism, wasting system resources.",bug
"The variable 'session' is not checked for null before being used, potentially causing a NullPointerException.",bug
"The loop does not handle the case when the input is not in the expected format, potentially causing a parse error.",bug
"The method does not handle the case when the database query returns no results, resulting in an empty list.",bug
"The code does not follow the principle of YAGNI, potentially leading to unnecessary complexity.",bug
"The function does not handle the case when the input is null, causing a NullPointerException.",bug
"The variable 'transaction' is not checked for null before being used, potentially causing a NullPointerException.",bug
"The loop does not handle the case when the input is too large, potentially causing an OutOfMemoryError.",bug
"The code does not handle the case when the system clock changes, potentially causing unexpected behavior.",bug
"The method does not handle the case when the user interrupts the operation, resulting in unexpected behavior.",bug
"The function does not handle the case when the input is not in the expected format, causing a parse error.",bug
"The code uses a non-thread-safe class in a multi-threaded environment, potentially causing thread safety issues.",bug
"The variable 'thread' is not checked for null before being used, potentially causing a NullPointerException.",bug
"The loop does not handle the case when the input is empty, potentially causing a NoSuchElementException.",bug
"The code does not handle the case when the system runs out of disk space, resulting in an IOException.",bug
"The method does not validate the input parameters, leading to potential bugs and security vulnerabilities.",bug
"The function does not handle the case when the network connection is refused, causing the program to crash.",bug
The code uses a deprecated class that may be removed in future versions of the library.,bug
The variable name 'data' is too generic and should be more descriptive to improve code readability.,style
The function 'calculateTotal' is doing two separate calculations and should be split into separate functions for clarity.,style
The comment above the 'main' function is outdated and no longer accurately reflects the function's purpose.,style
"The code uses inconsistent indentation, with both spaces and tabs used throughout the file.",style
"The 'if' statement condition is too complex and should be broken down into simpler, more manageable parts.",style
The variable 'i' is not descriptive and should be renamed to something more meaningful.,style
The code is missing a blank line between functions to separate logical sections.,style
The 'for' loop variable 'index' is not necessary and can be replaced with a more Pythonic approach.,style
"The function 'sortByDate' is modifying the original list, which may have unintended consequences.",style
The code is using an outdated library version and should be updated to the latest version.,style
"The 'try' block is too broad and should be narrowed to only catch specific, expected exceptions.",style
The variable 'temp' is not a descriptive name and should be renamed to something more meaningful.,style
The code is using a magic number and should be replaced with a named constant.,style
"The function 'processData' is too long and should be split into smaller, more manageable functions.",style
The 'switch' statement is not necessary and can be replaced with a simpler 'if' statement.,style
The code is missing a docstring to explain the purpose and behavior of the function.,style
"The variable 'result' is not checked for null before being used, which may cause a NullPointerException.",style
The 'while' loop condition is not clearly expressed and should be simplified for better readability.,style
The code is using an unnecessary semicolon at the end of the line.,style
The function 'validateInput' is not checking for all possible error conditions.,style
"The 'if' statement is using the '==' operator to compare strings, which may not work as expected.",style
The code is using a deprecated function and should be updated to use the recommended replacement.,style
The variable 'list' is shadowing a built-in type and should be renamed to avoid confusion.,style
The 'for' loop is iterating over the indices of the list instead of the values.,style
The code is using an absolute path instead of a relative path.,style
The function 'createUser' is not handling the case where the user already exists.,style
The code is not following the standard naming conventions for the programming language.,style
The 'try' block is empty and should be removed or replaced with a meaningful exception handler.,style
The variable 'error' is not being checked or handled after being assigned.,style
The code is using a recursive function when an iterative approach would be more efficient.,style
The 'switch' statement is missing a default case to handle unexpected values.,style
The function 'deleteUser' is not checking if the user exists before attempting to delete.,style
The code is using a hardcoded value instead of a configurable constant.,style
The 'if' statement is using a complex condition and should be broken down into simpler parts.,style
The variable 'user' is not validated before being used.,style
The code is missing a check for null before attempting to access an object's properties.,style
The function 'saveData' is not handling the case where the data cannot be saved.,style
The 'for' loop is using an unnecessary index variable.,style
The code is using an undefined variable.,style
The function 'initialize' is not setting the object's properties correctly.,style
The 'while' loop is not termination condition is not clearly expressed.,style
The code is using a magic string and should be replaced with a named constant.,style
The variable 'config' is not being checked for null before being used.,style
The function 'processRequest' is not handling the case where the request is invalid.,style
"The 'if' statement is using the '===' operator to compare objects, which may not work as expected.",style
The code is using a deprecated constructor and should be updated to use the recommended replacement.,style
The variable 'response' is not being checked for errors before being used.,style
The function 'calculateScore' is not handling the case where the input is invalid.,style
The 'switch' statement is missing a break statement at the end of each case.,style
The code is using an unnecessary type cast.,style
The function 'validatePassword' is not checking for all possible error conditions.,style
The 'for' loop is iterating over the keys of the object instead of the values.,style
The code is using a hardcoded IP address instead of a configurable constant.,style
The function 'connectToDatabase' is not handling the case where the connection fails.,style
The 'if' statement is using a complex condition and should be broken down into simpler parts.,style
The variable 'logger' is not being checked for null before being used.,style
The code is missing a check for null before attempting to access an array's elements.,style
The function 'sendEmail' is not handling the case where the email cannot be sent.,style
The 'while' loop is not clearly expressed and should be simplified for better readability.,style
The code is using an undefined function.,style
The variable 'timeout' is not being checked for null before being used.,style
The function 'parseJson' is not handling the case where the JSON is invalid.,style
The 'for' loop is using an unnecessary iterator variable.,style
The code is using a magic number and should be replaced with a named constant.,style
The function 'updateUser' is not handling the case where the user does not exist.,style
"The 'if' statement is using the '==' operator to compare numbers, which may not work as expected.",style
The code is using a deprecated method and should be updated to use the recommended replacement.,style
The variable 'cache' is not being checked for null before being used.,style
The function 'deleteFile' is not handling the case where the file does not exist.,style
The 'switch' statement is missing a default case to handle unexpected values.,style
The code is using an unnecessary try-catch block.,style
The variable 'session' is not being checked for null before being used.,style
The function 'initializeDatabase' is not handling the case where the database cannot be initialized.,style
The 'for' loop is iterating over the values of the object instead of the keys.,style
The code is using a hardcoded port number instead of a configurable constant.,style
The function 'handleError' is not handling the case where the error is unexpected.,style
The 'if' statement is using a complex condition and should be broken down into simpler parts.,style
The variable 'request' is not validated before being used.,style
The code is missing a blank line between logical sections to improve readability.,style
The function 'sendRequest' is not handling the case where the request cannot be sent.,style
The 'while' loop condition is not clearly expressed and should be simplified for better readability.,style
The code is using an undefined variable.,style
The variable 'responseTime' is not being checked for null before being used.,style
The function 'parseXml' is not handling the case where the XML is invalid.,style
The 'for' loop is using an unnecessary loop variable.,style
The code is using a magic string and should be replaced with a named constant.,style
The function 'updateConfig' is not handling the case where the config cannot be updated.,style
"The 'if' statement is using the '===' operator to compare strings, which may not work as expected.",style
The code is using a deprecated library and should be updated to use the recommended replacement.,style
The variable 'userAgent' is not being checked for null before being used.,style
The function 'handleTimeout' is not handling the case where the timeout is unexpected.,style
The 'switch' statement is missing a break statement at the end of each case.,style
The code is using an unnecessary type cast.,style
The function 'validateInput' is not checking for all possible error conditions.,style
The 'for' loop is iterating over the keys of the object instead of the values.,style
The code is using a hardcoded timeout value instead of a configurable constant.,style
The function 'connectToServer' is not handling the case where the connection fails.,style
The 'if' statement is using a complex condition and should be broken down into simpler parts.,style
The variable 'logger' is not being checked for null before being used.,style
The code is missing a check for null before attempting to access an object's properties.,style
The function 'sendNotification' is not handling the case where the notification cannot be sent.,style
The 'while' loop is not clearly expressed and should be simplified for better readability.,style
The code is using an undefined function.,style
The variable 'cacheKey' is not being checked for null before being used.,style
The function 'parseData' is not handling the case where the data is invalid.,style
The 'for' loop is using an unnecessary iterator variable.,style
The code is using a magic number and should be replaced with a named constant.,style
The function 'updateUser' is not handling the case where the user does not exist.,style
"The 'if' statement is using the '==' operator to compare objects, which may not work as expected.",style
The code is using a deprecated method and should be updated to use the recommended replacement.,style
The variable 'session' is not being checked for null before being used.,style
The function 'initializeApp' is not handling the case where the app cannot be initialized.,style
The 'for' loop is iterating over the values of the object instead of the keys.,style
The code is using a hardcoded value instead of a configurable constant.,style
The function 'handleError' is not handling the case where the error is unexpected.,style
The 'if' statement is using a complex condition and should be broken down into simpler parts.,style
The variable 'request' is not validated before being used.,style
The code is missing a blank line between logical sections to improve readability.,style
The function 'sendRequest' is not handling the case where the request cannot be sent.,style
The 'while' loop condition is not clearly expressed and should be simplified for better readability.,style
The loop that iterates over the entire dataset on every function call is causing significant performance degradation.,performance
The repeated use of the `SELECT *` statement in the database query is retrieving unnecessary data and slowing down the application.,performance
The lack of indexing on the frequently queried columns is leading to slow query execution times.,performance
"The application is performing a full table scan on every query, resulting in poor performance.",performance
The excessive use of recursive functions is causing a stack overflow and degrading performance.,performance
"The function is not utilizing caching, resulting in redundant computations and slowing down the system.",performance
"The algorithm has a time complexity of O(n^2), which is causing performance issues for large inputs.",performance
"The database connection is not being closed after use, leading to resource leaks and performance problems.",performance
The use of nested loops is resulting in slow execution times and high CPU usage.,performance
The function is performing unnecessary computations due to a lack of memoization.,performance
"The application is not utilizing parallel processing, resulting in underutilization of system resources.",performance
"The data structure used is not optimized for the specific use case, leading to slow lookup and insertion times.",performance
"The code is not using lazy loading, resulting in unnecessary data being loaded into memory.",performance
The excessive use of dynamic typing is causing performance issues due to the overhead of type checking.,performance
"The function is using a slow sorting algorithm, resulting in poor performance for large datasets.",performance
"The application is not using a just-in-time compiler, resulting in slower execution times.",performance
"The code is using a lot of temporary objects, resulting in high memory allocation and deallocation overhead.",performance
The use of reflection is causing performance issues due to the overhead of dynamic method invocation.,performance
"The algorithm is not using an efficient data structure, resulting in slow search and insertion times.",performance
The function is performing unnecessary work due to a lack of short-circuiting.,performance
"The application is not utilizing asynchronous programming, resulting in blocking and performance issues.",performance
"The code is using a slow and inefficient encryption algorithm, resulting in poor performance.",performance
"The function is using an excessive number of function calls, resulting in high overhead and performance issues.",performance
"The database query is using a slow and inefficient join method, resulting in poor performance.",performance
"The use of multithreading is not being done efficiently, resulting in performance issues and resource contention.",performance
"The application is not using a connection pool, resulting in slow database connection establishment times.",performance
"The code is using an excessive number of database queries, resulting in high latency and performance issues.",performance
"The function is using an inefficient search algorithm, resulting in slow search times and high CPU usage.",performance
"The algorithm is not using pruning, resulting in unnecessary computations and performance issues.",performance
"The use of bit shifting is not being done efficiently, resulting in performance issues and slow execution times.",performance
"The application is not utilizing GPU acceleration, resulting in underutilization of system resources.",performance
"The code is using an excessive number of memory allocations, resulting in high overhead and performance issues.",performance
"The function is using a slow and inefficient parsing algorithm, resulting in poor performance and high CPU usage.",performance
"The database query is using a slow and inefficient subquery method, resulting in poor performance.",performance
"The use of recursion is not being done efficiently, resulting in performance issues and stack overflows.",performance
"The application is not using a content delivery network, resulting in slow asset loading times and performance issues.",performance
"The code is using an excessive number of network requests, resulting in high latency and performance issues.",performance
"The function is using an inefficient sorting algorithm, resulting in poor performance and high CPU usage.",performance
"The algorithm is not using an efficient caching strategy, resulting in redundant computations and performance issues.",performance
The use of XML parsing is causing performance issues due to the overhead of parsing and validation.,performance
"The application is not utilizing a load balancer, resulting in performance issues and resource contention.",performance
"The code is using an excessive number of type conversions, resulting in high overhead and performance issues.",performance
"The function is using an inefficient data structure, resulting in slow search and insertion times.",performance
"The database query is using a slow and inefficient aggregate function, resulting in poor performance.",performance
The use of regular expressions is causing performance issues due to the overhead of pattern matching.,performance
"The application is not utilizing a queueing system, resulting in performance issues and resource contention.",performance
"The code is using an excessive number of exceptions, resulting in high overhead and performance issues.",performance
"The function is using an inefficient algorithm, resulting in slow execution times and high CPU usage.",performance
"The algorithm is not using an efficient parallelization strategy, resulting in underutilization of system resources.",performance
The use of dynamic method invocation is causing performance issues due to the overhead of reflection.,performance
"The application is not utilizing a caching layer, resulting in redundant computations and performance issues.",performance
"The code is using an excessive number of database connections, resulting in high overhead and performance issues.",performance
"The function is using an inefficient string manipulation algorithm, resulting in poor performance and high CPU usage.",performance
"The database query is using a slow and inefficient indexing method, resulting in poor performance.",performance
The use of reflection is causing performance issues due to the overhead of dynamic method invocation.,performance
"The application is not utilizing a message queue, resulting in performance issues and resource contention.",performance
"The code is using an excessive number of file I/O operations, resulting in high overhead and performance issues.",performance
"The function is using an inefficient encryption algorithm, resulting in poor performance and high CPU usage.",performance
"The algorithm is not using an efficient pruning strategy, resulting in unnecessary computations and performance issues.",performance
The use of XML serialization is causing performance issues due to the overhead of serialization and deserialization.,performance
"The application is not utilizing a reverse proxy, resulting in slow asset loading times and performance issues.",performance
"The code is using an excessive number of HTTP requests, resulting in high latency and performance issues.",performance
"The function is using an inefficient data compression algorithm, resulting in poor performance and high CPU usage.",performance
"The database query is using a slow and inefficient query plan, resulting in poor performance.",performance
"The use of multithreading is not being done efficiently, resulting in performance issues and resource contention.",performance
"The application is not utilizing a load testing framework, resulting in performance issues and resource contention.",performance
"The code is using an excessive number of system calls, resulting in high overhead and performance issues.",performance
"The function is using an inefficient logging mechanism, resulting in poor performance and high CPU usage.",performance
"The algorithm is not using an efficient caching mechanism, resulting in redundant computations and performance issues.",performance
The use of JSON parsing is causing performance issues due to the overhead of parsing and validation.,performance
"The application is not utilizing a content management system, resulting in slow asset loading times and performance issues.",performance
"The code is using an excessive number of database transactions, resulting in high overhead and performance issues.",performance
"The function is using an inefficient error handling mechanism, resulting in poor performance and high CPU usage.",performance
"The database query is using a slow and inefficient locking mechanism, resulting in poor performance.",performance
"The use of recursion is not being done efficiently, resulting in performance issues and stack overflows.",performance
"The application is not utilizing a message bus, resulting in performance issues and resource contention.",performance
"The code is using an excessive number of memory allocations and deallocations, resulting in high overhead and performance issues.",performance
"The function is using an inefficient algorithm for solving the traveling salesman problem, resulting in slow execution times.",performance
"The algorithm is not using an efficient strategy for solving the knapsack problem, resulting in slow execution times.",performance
"The use of bit manipulation is not being done efficiently, resulting in performance issues and slow execution times.",performance
"The application is not utilizing a task queue, resulting in performance issues and resource contention.",performance
"The code is using an excessive number of function calls, resulting in high overhead and performance issues.",performance
"The function is using an inefficient mechanism for handling asynchronous operations, resulting in poor performance.",performance
"The database query is using a slow and inefficient join order, resulting in poor performance.",performance
The use of reflection is causing performance issues due to the overhead of dynamic method invocation.,performance
"The application is not utilizing a caching proxy, resulting in slow asset loading times and performance issues.",performance
"The code is using an excessive number of network sockets, resulting in high overhead and performance issues.",performance
"The function is using an inefficient mechanism for handling concurrent operations, resulting in poor performance.",performance
"The algorithm is not using an efficient strategy for solving the shortest path problem, resulting in slow execution times.",performance
The use of XML validation is causing performance issues due to the overhead of validation and parsing.,performance
"The application is not utilizing a load balancer with session persistence, resulting in performance issues and resource contention.",performance
"The code is using an excessive number of database queries with correlated subqueries, resulting in poor performance.",performance
"The function is using an inefficient mechanism for handling transactions, resulting in poor performance and high CPU usage.",performance
"The database query is using a slow and inefficient query optimization method, resulting in poor performance.",performance
"The use of recursion is not being done efficiently, resulting in performance issues and stack overflows.",performance
"The application is not utilizing a task scheduler, resulting in performance issues and resource contention.",performance
"The code is using an excessive number of memory-mapped files, resulting in high overhead and performance issues.",performance
"The function is using an inefficient algorithm for solving the maximum flow problem, resulting in slow execution times.",performance
"The algorithm is not using an efficient strategy for solving the minimum spanning tree problem, resulting in slow execution times.",performance
"The use of bit shifting is not being done efficiently, resulting in performance issues and slow execution times.",performance
"The application is not utilizing a queueing system with message prioritization, resulting in performance issues and resource contention.",performance
"The code is using an excessive number of file system operations, resulting in high overhead and performance issues.",performance
"The function is using an inefficient mechanism for handling errors, resulting in poor performance and high CPU usage.",performance
"The database query is using a slow and inefficient indexing strategy, resulting in poor performance.",performance
The use of XML serialization is causing performance issues due to the overhead of serialization and deserialization.,performance
"The application is not utilizing a caching layer with cache invalidation, resulting in redundant computations and performance issues.",performance
"The code is using an excessive number of network requests with high latency, resulting in poor performance and high CPU usage.",performance
"The function is using an inefficient algorithm for solving the longest common subsequence problem, resulting in slow execution times.",performance
"The algorithm is not using an efficient strategy for solving the maximum subarray problem, resulting in slow execution times.",performance
The use of JSON serialization is causing performance issues due to the overhead of serialization and deserialization.,performance
"The application is not utilizing a message bus with message queuing, resulting in performance issues and resource contention.",performance
"The code is using an excessive number of database connections with high overhead, resulting in poor performance and high CPU usage.",performance
"The function is using an inefficient mechanism for handling asynchronous I/O operations, resulting in poor performance.",performance
"The database query is using a slow and inefficient locking mechanism with high contention, resulting in poor performance.",performance
"The use of recursion is not being done efficiently, resulting in performance issues and stack overflows.",performance
"The application is not utilizing a task scheduler with task prioritization, resulting in performance issues and resource contention.",performance
"The code is using an excessive number of system calls with high overhead, resulting in poor performance and high CPU usage.",performance
"The function is using an inefficient algorithm for solving the knapsack problem with high dimensionality, resulting in slow execution times.",performance
"The algorithm is not using an efficient strategy for solving the traveling salesman problem with high complexity, resulting in slow execution times.",performance
"The use of bit manipulation is not being done efficiently, resulting in performance issues and slow execution times.",performance
"The application is not utilizing a caching proxy with cache invalidation, resulting in redundant computations and performance issues.",performance
"The code is using an excessive number of network sockets with high latency, resulting in poor performance and high CPU usage.",performance
"The function is using an inefficient mechanism for handling concurrent operations with high contention, resulting in poor performance.",performance
"The database query is using a slow and inefficient indexing strategy with high overhead, resulting in poor performance.",performance
The use of XML validation is causing performance issues due to the overhead of validation and parsing.,performance
"The application is not utilizing a load balancer with session persistence and SSL termination, resulting in performance issues and resource contention.",performance
"The code is using an excessive number of database queries with correlated subqueries and high overhead, resulting in poor performance.",performance
"The function is using an inefficient mechanism for handling transactions with high overhead, resulting in poor performance and high CPU usage.",performance
"The database query is using a slow and inefficient query optimization method with high complexity, resulting in poor performance.",performance
"The use of recursion is not being done efficiently, resulting in performance issues and stack overflows.",performance
"The application is not utilizing a task scheduler with task prioritization and resource allocation, resulting in performance issues and resource contention.",performance
"The code is using an excessive number of memory-mapped files with high overhead, resulting in poor performance and high CPU usage.",performance
"The function is using an inefficient algorithm for solving the maximum flow problem with high complexity, resulting in slow execution times.",performance
"The algorithm is not using an efficient strategy for solving the minimum spanning tree problem with high dimensionality, resulting in slow execution times.",performance
"The use of bit shifting is not being done efficiently, resulting in performance issues and slow execution times.",performance
"The application is not utilizing a queueing system with message prioritization and resource allocation, resulting in performance issues and resource contention.",performance
"The code is using an excessive number of file system operations with high overhead, resulting in poor performance and high CPU usage.",performance
"The function is using an inefficient mechanism for handling errors with high overhead, resulting in poor performance and high CPU usage.",performance
"The database query is using a slow and inefficient indexing strategy with high overhead and complexity, resulting in poor performance.",performance
The use of XML serialization is causing performance issues due to the overhead of serialization and deserialization.,performance
"The application is not utilizing a caching layer with cache invalidation and cache prioritization, resulting in redundant computations and performance issues.",performance
"The code is using an excessive number of network requests with high latency and high overhead, resulting in poor performance and high CPU usage.",performance
"The function is using an inefficient algorithm for solving the longest common subsequence problem with high dimensionality, resulting in slow execution times.",performance
"The algorithm is not using an efficient strategy for solving the maximum subarray problem with high complexity, resulting in slow execution times.",performance
The use of JSON serialization is causing performance issues due to the overhead of serialization and deserialization.,performance
"The application is not utilizing a message bus with message queuing and resource allocation, resulting in performance issues and resource contention.",performance
"The code is using an excessive number of database connections with high overhead and high latency, resulting in poor performance and high CPU usage.",performance
"The function is using an inefficient mechanism for handling asynchronous I/O operations with high overhead, resulting in poor performance.",performance
"The database query is using a slow and inefficient locking mechanism with high contention and complexity, resulting in poor performance.",performance
"The use of recursion is not being done efficiently, resulting in performance issues and stack overflows.",performance
"The application is not utilizing a task scheduler with task prioritization and resource allocation, resulting in performance issues and resource contention.",performance
"The code is using an excessive number of system calls with high overhead and high latency, resulting in poor performance and high CPU usage.",performance
"The function is using an inefficient algorithm for solving the knapsack problem with high dimensionality and complexity, resulting in slow execution times.",performance
"The algorithm is not using an efficient strategy for solving the traveling salesman problem with high complexity and dimensionality, resulting in slow execution times.",performance
"The use of bit manipulation is not being done efficiently, resulting in performance issues and slow execution times.",performance
"The application is not utilizing a caching proxy with cache invalidation and cache prioritization, resulting in redundant computations and performance issues.",performance
"The code is using an excessive number of network sockets with high latency and high overhead, resulting in poor performance and high CPU usage.",performance
"The function is using an inefficient mechanism for handling concurrent operations with high contention and complexity, resulting in poor performance.",performance
"The database query is using a slow and inefficient indexing strategy with high overhead and complexity, resulting in poor performance.",performance
"The function name 'do_stuff' is too generic and should be renamed to reflect its actual purpose of data synchronization.",style
"Nested ternary operators make the logic difficult to read; consider using an if-else block for clarity.",style
"The indentation in this file is inconsistent, mixing tabs and spaces which violates the project's style guide.",style
"This class is too large and violates the Single Responsibility Principle; it should be refactored into smaller components.",style
"Avoid using underscores in variable names in this Java project to stay consistent with camelCase conventions.",style
"The comments in this module are outdated and no longer reflect the actual implementation of the logic.",style
"The trailing whitespace at the end of several lines should be removed to keep the file clean.",style
"Use an early return pattern here to reduce the nesting level of the function.",style
"The magic string 'PROD_ENV' is used multiple times; it should be defined as a constant at the top of the file.",style
"This CSS file lacks a consistent naming convention like BEM, making it hard to maintain as the project grows.",style
"The lambda function is overly complex; extracting it into a named private method would improve readability.",style
"Alphabetize the import statements to make it easier for developers to find specific dependencies.",style
"The use of 'var' instead of 'let' or 'const' is discouraged in modern JavaScript to avoid hoisting issues.",style
"The logger is missing a correlation ID, which will make it difficult to trace requests across microservices.",style
"This method has a cyclomatic complexity of 15, which is well above the recommended limit of 10.",style
"The README file is missing instructions on how to set up the local development environment.",style
"Avoid using 'i' and 'j' for nested loops if the context allows for more descriptive names like 'rowIndex' and 'colIndex'.",style
"The file name does not match the class name, which violates the standard naming convention for this framework.",style
"There is a lack of vertical whitespace between unrelated methods, making the code appear as a 'wall of text'.",style
"The 'TODO' comments should include a ticket number or a username for better accountability.",style
"The database query is inside a loop, leading to an N+1 performance problem that will slow down the application.",performance
"Using a linear search on this large list is inefficient; consider using a HashMap for O(1) lookups.",performance
"The images are being loaded at full resolution and then resized by the browser; they should be optimized on the server.",performance
"The application is leaking memory because the event listeners are never removed when the component unmounts.",performance
"The 'synchronized' block is too broad and is causing unnecessary thread contention during high traffic.",performance
"This regex is susceptible to catastrophic backtracking, which can lead to a ReDoS and freeze the CPU.",performance
"The use of 'SELECT *' in the SQL query retrieves unnecessary columns, increasing network overhead.",performance
"Frequent garbage collection is being triggered because of the creation of many short-lived objects in the hot path.",performance
"The API response is not compressed; enabling Gzip or Brotli would significantly reduce the payload size.",performance
"The recursive function lacks memoization, causing it to recompute the same values multiple times.",performance
"The frontend is performing heavy data transformation on every render instead of caching the result.",performance
"The database table is missing an index on the 'created_at' column, making the sorting operation very slow.",performance
"Opening a new database connection for every request is expensive; use a connection pool instead.",performance
"The large JSON blob is being parsed synchronously on the main thread, which blocks the UI and causes lag.",performance
"The application uses 'deepClone' on a massive object every second, which is unnecessarily CPU intensive.",performance
"The CSS selectors are too broad (e.g., 'div *'), causing the browser to spend too much time on style recalculation.",performance
"The disk I/O operations are being performed on the main execution thread, causing the app to hang during writes.",performance
"The cache TTL is set too low, resulting in a high cache miss rate and increased load on the origin server.",performance
"The loop should be parallelized using a worker pool since the tasks are CPU-bound and independent.",performance
"The 'StringBuilder' should be used for string concatenation inside the loop instead of the '+' operator.",performance
"An unhandled exception in the background thread causes the entire process to exit without logging.",bug
"The logic fails to account for leap years, resulting in an off-by-one error in the date calculation.",bug
"The state is being updated directly instead of using the 'setState' hook, so the UI does not refresh.",bug
"A race condition occurs when two users attempt to claim the same resource simultaneously.",bug
"The 'equals' method was overridden but 'hashCode' was not, breaking the contract for HashSet usage.",bug
"The function returns 'undefined' instead of an empty array, causing the '.map()' call to fail later.",bug
"The closure captures the loop variable by reference, leading to all callbacks using the final value of the index.",bug
"The regular expression fails to match valid email addresses that contain a '+' symbol.",bug
"A typo in the property name 'user_id' (written as 'userid') causes the lookup to always return null.",bug
"The API returns a 200 OK status even when the internal business logic fails and an error is present in the body.",bug
"The session token is not being cleared from the local storage upon logout.",security
"The application allows for 'Latex Injection' in the PDF generation module, potentially exposing system files.",security
"The CSP header is missing 'script-src', leaving the site open to Cross-Site Scripting via inline scripts.",security
"The 'X-Frame-Options' header is not set, making the site vulnerable to clickjacking.",security
"Sensitive API keys are accidentally committed to the version control system in a config file.",security
"The JWT is signed with a weak secret key that can be cracked using offline brute-force attacks.",security
"The file upload functionality does not restrict file extensions, allowing for the execution of malicious scripts.",security
"The application does not implement account lockout after multiple failed login attempts.",security
"Cross-Origin Resource Sharing (CORS) is configured with a wildcard '*', allowing any domain to access the data.",security
"The password reset token is too short and is generated using a predictable sequence.",security
The method is called twice in succession but only the second return value is used,	bug
The result of the database query is ignored and the function proceeds without checking for errors,	bug
The function calls the API endpoint twice with identical parameters due to a copy-paste error,	bug
The return value of the sorting function is discarded and the original unsorted list is used instead,	bug
The loop counter is incremented twice per iteration causing every second element to be skipped,	bug
The condition in the if statement is always true making the else branch unreachable dead code,	bug
The variable is assigned inside the loop but read outside where it only holds the last iteration value,	bug
The function returns before closing the database connection causing a resource leak,	bug
The boolean flag is initialized to true but never reset causing the condition to trigger only once,	bug
The recursive call is missing the base case decrement causing infinite recursion,	bug
The off-by-one error in the loop boundary causes the last element of the array to never be processed,	bug
The function modifies the global state without resetting it after use affecting subsequent calls,	bug
The comparison uses assignment instead of equality check making the condition always evaluate to true,	bug
The timeout value is set to zero causing the operation to fail immediately without waiting,	bug
The catch block swallows the exception without logging or rethrowing it making debugging impossible,	bug
The async function is called without await causing the result to be a Promise object instead of the value,	bug
The object is passed by reference and mutated inside the function causing unexpected side effects in the caller,	bug
The counter variable is declared outside the loop and never reset between function calls causing accumulation,	bug
The null check is performed after the variable is already dereferenced causing a NullPointerException,	bug
The event listener is registered inside a loop creating duplicate handlers for every iteration,	bug
The regex pattern is compiled on every function call instead of being defined once as a constant,	style
The function name does not follow camelCase convention and should be renamed for consistency,	style
The variable 'a' provides no context about its purpose and should be renamed to reflect its meaning,	style
The nested ternary operator makes the code difficult to read and should be refactored into an if-else block,	style
The function has more than 50 lines and should be broken into smaller focused helper functions,	style
The magic number 86400 appears without explanation and should be extracted as a constant named SECONDS_PER_DAY,	style
The import statement is unused and should be removed to keep the file clean, style
The else clause after a return statement is unnecessary and adds visual noise,	style
The callback-based pattern should be replaced with async/await for better readability,	style
The class has both public and private methods mixed together without clear separation,	style
The variable declaration uses var which has been superseded by const and let in modern JavaScript,	style
The code repeats the same validation logic in three different places and should be extracted into a shared utility function, style
The single-letter loop variable makes it unclear what the loop is iterating over,	style
The commented-out code block should be removed as version control already tracks historical changes,	style
The function accepts too many parameters and should be refactored to accept a single options object,	style
The inconsistent use of single and double quotes throughout the file should be standardized,	style
The boolean parameter makes the function call ambiguous and should be replaced with an enum or options object,	style
The deeply nested if-else structure should be flattened using early returns for better readability,	style
The class name uses snake_case instead of PascalCase which violates standard naming conventions,	style
The trailing whitespace on multiple lines should be removed to keep the code clean,	style
The N+1 query problem occurs because a database query is executed inside a loop for every item,	performance
The application loads the entire dataset into memory when only the first ten results are needed,	performance
The search operation iterates through the full list linearly when a hash map would give constant time lookup,	performance
The image is fetched from the network on every render instead of being cached after the first load,	performance
The string concatenation inside a loop creates a new string object on every iteration causing high memory churn,	performance
The synchronous file read blocks the event loop preventing other requests from being processed,	performance
The component re-renders on every parent state change even though its own props have not changed,	performance
The database index is missing on the column used in the WHERE clause causing a full table scan,	performance
The JSON serialization of the large object happens on every API response instead of being cached,	performance
The application establishes a new database connection for every request instead of reusing a pool,	performance
The sort operation is applied to the full dataset before pagination instead of after,	performance
The expensive computation runs on the main thread blocking the UI from responding to user input,	performance
The API response includes all fields of every record when only two fields are needed by the client,	performance
The polling interval is set to 100ms creating unnecessary network requests when 1000ms would suffice,	performance
The lazy loading is not implemented for off-screen images causing slow initial page load times,	performance
The repeated DOM query inside the loop should be cached in a variable before the loop begins,	performance
The unoptimized regex with catastrophic backtracking causes the server to hang on certain inputs, performance
The unbounded cache grows indefinitely without an eviction policy eventually consuming all available memory,	performance
The waterfall of sequential awaits could be parallelized using Promise.all to reduce total wait time,	performance
The full object graph is serialized and sent over the wire when only a subset of fields is required,	performance
The API key is hardcoded directly in the source code and must be moved to environment variables,	security
The JWT token is stored in localStorage making it accessible to any JavaScript on the page,	security
The password reset token does not expire making it valid indefinitely after being issued,	security
The file upload endpoint does not validate the file type allowing arbitrary files to be uploaded,	security
The admin route is protected only by a boolean flag in the request body which can be spoofed,	security
The error message returns the full stack trace to the client revealing internal implementation details,	security
The session token is transmitted as a query parameter where it will be logged in server access logs,	security
The deserialization of user-supplied data is performed without validation enabling object injection attacks,	security
The CORS policy is set to allow all origins making the API accessible from any domain,	security
The database credentials are logged at the info level making them visible in production log files, security
The Content Security Policy header is missing leaving the application vulnerable to XSS attacks, security
The user-controlled filename is passed directly to the filesystem operation without sanitization, security
The OAuth state parameter is not validated leaving the authentication flow vulnerable to CSRF, security
The rate limiting is applied per IP address only which can be bypassed using IP rotation, security
The private key is committed to the repository and must be rotated and removed from git history, security
The dependency has a known remote code execution vulnerability and must be updated immediately, security
The regex used for email validation is susceptible to ReDoS with crafted long input strings, security
The HTTP response does not set the X-Content-Type-Options header enabling MIME sniffing attacks, security
The username enumeration is possible because login returns different error messages for unknown users, security
The XML parser has external entity processing enabled making it vulnerable to XXE attacks, security